{
  "generated_at": "20250922T144428Z",
  "hardware": "container-demo",
  "git_rev": "a875a1cf2fc83591af251270a376f993daed3366",
  "config": "configs/cli_profiles.json",
  "runs": 2,
  "profiles": {
    "kolibri_run": {
      "runs": 2,
      "durations": [
        0.02265332000001763,
        0.03361802400013403
      ],
      "min": 0.02265332000001763,
      "max": 0.03361802400013403,
      "mean": 0.02813567200007583,
      "median": 0.02813567200007583,
      "stdev": 0.005482352000058199
    },
    "kolibri_verify": {
      "runs": 2,
      "durations": [
        0.26097966999986966,
        0.2169106199999078
      ],
      "min": 0.2169106199999078,
      "max": 0.26097966999986966,
      "mean": 0.23894514499988873,
      "median": 0.23894514499988873,
      "stdev": 0.02203452499998093
    },
    "kolibri_replay": {
      "runs": 2,
      "durations": [
        0.10690558300007069,
        0.13360985099984646
      ],
      "min": 0.10690558300007069,
      "max": 0.13360985099984646,
      "mean": 0.12025771699995857,
      "median": 0.12025771699995857,
      "stdev": 0.013352133999887883
    }
  }
}
